gse_id,source_file,sample_label,gsm_in_label,match_status,matched_gsm_ids,matched_sample_titles,matched_conditions,matched_source,match_count,match_reason
GSE110818,/data1/zyc/lu2026/SS_Bulk/AUTO_BUILT_TABLES/AUTO_BUILT_GSE110818_from_raw_tar_matrix_round4b.csv,GSM3017184,GSM3017184,MATCH_BY_GSM,GSM3017184,GAL-REG (WT)-1,wt,GEO_FETCH,1,GSM in label
GSE110818,/data1/zyc/lu2026/SS_Bulk/AUTO_BUILT_TABLES/AUTO_BUILT_GSE110818_from_raw_tar_matrix_round4b.csv,GSM3017185,GSM3017185,MATCH_BY_GSM,GSM3017185,GAL-REG (WT)-2,wt,GEO_FETCH,1,GSM in label
GSE110818,/data1/zyc/lu2026/SS_Bulk/AUTO_BUILT_TABLES/AUTO_BUILT_GSE110818_from_raw_tar_matrix_round4b.csv,GSM3017186,GSM3017186,MATCH_BY_GSM,GSM3017186,GAL-REG (WT)-3,wt,GEO_FETCH,1,GSM in label
GSE110818,/data1/zyc/lu2026/SS_Bulk/AUTO_BUILT_TABLES/AUTO_BUILT_GSE110818_from_raw_tar_matrix_round4b.csv,GSM3017187,GSM3017187,MATCH_BY_GSM,GSM3017187,GAL-CONS-1,,GEO_FETCH,1,GSM in label
GSE110818,/data1/zyc/lu2026/SS_Bulk/AUTO_BUILT_TABLES/AUTO_BUILT_GSE110818_from_raw_tar_matrix_round4b.csv,GSM3017188,GSM3017188,MATCH_BY_GSM,GSM3017188,GAL-CONS-2,,GEO_FETCH,1,GSM in label
GSE110818,/data1/zyc/lu2026/SS_Bulk/AUTO_BUILT_TABLES/AUTO_BUILT_GSE110818_from_raw_tar_matrix_round4b.csv,GSM3017189,GSM3017189,MATCH_BY_GSM,GSM3017189,GAL-CONS-3,,GEO_FETCH,1,GSM in label
GSE110818,/data1/zyc/lu2026/SS_Bulk/AUTO_BUILT_TABLES/AUTO_BUILT_GSE110818_from_raw_tar_matrix_round4b.csv,GSM3017190,GSM3017190,MATCH_BY_GSM,GSM3017190,XYL-REG-1,,GEO_FETCH,1,GSM in label
GSE110818,/data1/zyc/lu2026/SS_Bulk/AUTO_BUILT_TABLES/AUTO_BUILT_GSE110818_from_raw_tar_matrix_round4b.csv,GSM3017191,GSM3017191,MATCH_BY_GSM,GSM3017191,XYL-REG-2,,GEO_FETCH,1,GSM in label
GSE110818,/data1/zyc/lu2026/SS_Bulk/AUTO_BUILT_TABLES/AUTO_BUILT_GSE110818_from_raw_tar_matrix_round4b.csv,GSM3017192,GSM3017192,MATCH_BY_GSM,GSM3017192,XYL-REG-3,,GEO_FETCH,1,GSM in label
GSE110818,/data1/zyc/lu2026/SS_Bulk/AUTO_BUILT_TABLES/AUTO_BUILT_GSE110818_from_raw_tar_matrix_round4b.csv,GSM3017193,GSM3017193,MATCH_BY_GSM,GSM3017193,XYL-CONS-1,,GEO_FETCH,1,GSM in label
GSE110818,/data1/zyc/lu2026/SS_Bulk/AUTO_BUILT_TABLES/AUTO_BUILT_GSE110818_from_raw_tar_matrix_round4b.csv,GSM3017194,GSM3017194,MATCH_BY_GSM,GSM3017194,XYL-CONS-2,,GEO_FETCH,1,GSM in label
GSE110818,/data1/zyc/lu2026/SS_Bulk/AUTO_BUILT_TABLES/AUTO_BUILT_GSE110818_from_raw_tar_matrix_round4b.csv,GSM3017195,GSM3017195,MATCH_BY_GSM,GSM3017195,XYL-CONS-3,,GEO_FETCH,1,GSM in label
GSE237235,/data1/zyc/lu2026/SS_Bulk/GSE237235_Integrative genome-wide analysis reveals the RNA-binding motifs of yeast Pcf11 and its role in fine-tuning terminator strength_Illumina Nova/GSE237235_All_reads_counts.txt.gz,Start,,IGNORED_META_FIELD,,,,,0,meta/stat field
GSE237235,/data1/zyc/lu2026/SS_Bulk/GSE237235_Integrative genome-wide analysis reveals the RNA-binding motifs of yeast Pcf11 and its role in fine-tuning terminator strength_Illumina Nova/GSE237235_All_reads_counts.txt.gz,End,,IGNORED_META_FIELD,,,,,0,meta/stat field
GSE237235,/data1/zyc/lu2026/SS_Bulk/GSE237235_Integrative genome-wide analysis reveals the RNA-binding motifs of yeast Pcf11 and its role in fine-tuning terminator strength_Illumina Nova/GSE237235_All_reads_counts.txt.gz,Length,,IGNORED_META_FIELD,,,,,0,meta/stat field
GSE237235,/data1/zyc/lu2026/SS_Bulk/GSE237235_Integrative genome-wide analysis reveals the RNA-binding motifs of yeast Pcf11 and its role in fine-tuning terminator strength_Illumina Nova/GSE237235_All_reads_counts.txt.gz,AR13_1,,MATCH_BY_HEURISTIC,GSM7597583,AR13_1,36h | Pcf11-AARR mutating,LOCAL_META,1,score=4
GSE237235,/data1/zyc/lu2026/SS_Bulk/GSE237235_Integrative genome-wide analysis reveals the RNA-binding motifs of yeast Pcf11 and its role in fine-tuning terminator strength_Illumina Nova/GSE237235_All_reads_counts.txt.gz,AR13_2,,MATCH_BY_HEURISTIC,GSM7597584,AR13_2,36h | Pcf11-AARR mutating,LOCAL_META,1,score=4
GSE237235,/data1/zyc/lu2026/SS_Bulk/GSE237235_Integrative genome-wide analysis reveals the RNA-binding motifs of yeast Pcf11 and its role in fine-tuning terminator strength_Illumina Nova/GSE237235_All_reads_counts.txt.gz,AR13_3,,MATCH_BY_HEURISTIC,GSM7597585,AR13_3,36h | Pcf11-AARR mutating,LOCAL_META,1,score=4
GSE237235,/data1/zyc/lu2026/SS_Bulk/GSE237235_Integrative genome-wide analysis reveals the RNA-binding motifs of yeast Pcf11 and its role in fine-tuning terminator strength_Illumina Nova/GSE237235_All_reads_counts.txt.gz,L17_1,,MATCH_BY_HEURISTIC,GSM7597586,L17_1,36h | deltaPcf11 deleting,LOCAL_META,1,score=4
GSE237235,/data1/zyc/lu2026/SS_Bulk/GSE237235_Integrative genome-wide analysis reveals the RNA-binding motifs of yeast Pcf11 and its role in fine-tuning terminator strength_Illumina Nova/GSE237235_All_reads_counts.txt.gz,L17_2,,MATCH_BY_HEURISTIC,GSM7597587,L17_2,36h | deltaPcf11 deleting,LOCAL_META,1,score=4
GSE237235,/data1/zyc/lu2026/SS_Bulk/GSE237235_Integrative genome-wide analysis reveals the RNA-binding motifs of yeast Pcf11 and its role in fine-tuning terminator strength_Illumina Nova/GSE237235_All_reads_counts.txt.gz,L17_3,,MATCH_BY_HEURISTIC,GSM7597588,L17_3,36h | deltaPcf11 deleting,LOCAL_META,1,score=4
GSE237235,/data1/zyc/lu2026/SS_Bulk/GSE237235_Integrative genome-wide analysis reveals the RNA-binding motifs of yeast Pcf11 and its role in fine-tuning terminator strength_Illumina Nova/GSE237235_All_reads_counts.txt.gz,SC_1,,MATCH_BY_HEURISTIC,GSM7597593,SC_1,36h | WT,LOCAL_META,1,score=4
GSE237235,/data1/zyc/lu2026/SS_Bulk/GSE237235_Integrative genome-wide analysis reveals the RNA-binding motifs of yeast Pcf11 and its role in fine-tuning terminator strength_Illumina Nova/GSE237235_All_reads_counts.txt.gz,SC_2,,MATCH_BY_HEURISTIC,GSM7597594,SC_2,36h | WT,LOCAL_META,1,score=4
GSE237235,/data1/zyc/lu2026/SS_Bulk/GSE237235_Integrative genome-wide analysis reveals the RNA-binding motifs of yeast Pcf11 and its role in fine-tuning terminator strength_Illumina Nova/GSE237235_All_reads_counts.txt.gz,SC_3,,MATCH_BY_HEURISTIC,GSM7597595,SC_3,36h | WT,LOCAL_META,1,score=4
GSE237235,/data1/zyc/lu2026/SS_Bulk/GSE237235_Integrative genome-wide analysis reveals the RNA-binding motifs of yeast Pcf11 and its role in fine-tuning terminator strength_Illumina Nova/GSE237235_All_samples_rpkm.txt.gz,Start,,IGNORED_META_FIELD,,,,,0,meta/stat field
GSE237235,/data1/zyc/lu2026/SS_Bulk/GSE237235_Integrative genome-wide analysis reveals the RNA-binding motifs of yeast Pcf11 and its role in fine-tuning terminator strength_Illumina Nova/GSE237235_All_samples_rpkm.txt.gz,End,,IGNORED_META_FIELD,,,,,0,meta/stat field
GSE237235,/data1/zyc/lu2026/SS_Bulk/GSE237235_Integrative genome-wide analysis reveals the RNA-binding motifs of yeast Pcf11 and its role in fine-tuning terminator strength_Illumina Nova/GSE237235_All_samples_rpkm.txt.gz,Length,,IGNORED_META_FIELD,,,,,0,meta/stat field
GSE237235,/data1/zyc/lu2026/SS_Bulk/GSE237235_Integrative genome-wide analysis reveals the RNA-binding motifs of yeast Pcf11 and its role in fine-tuning terminator strength_Illumina Nova/GSE237235_All_samples_rpkm.txt.gz,SC_1,,MATCH_BY_HEURISTIC,GSM7597593,SC_1,36h | WT,LOCAL_META,1,score=4
GSE237235,/data1/zyc/lu2026/SS_Bulk/GSE237235_Integrative genome-wide analysis reveals the RNA-binding motifs of yeast Pcf11 and its role in fine-tuning terminator strength_Illumina Nova/GSE237235_All_samples_rpkm.txt.gz,SC_2,,MATCH_BY_HEURISTIC,GSM7597594,SC_2,36h | WT,LOCAL_META,1,score=4
GSE237235,/data1/zyc/lu2026/SS_Bulk/GSE237235_Integrative genome-wide analysis reveals the RNA-binding motifs of yeast Pcf11 and its role in fine-tuning terminator strength_Illumina Nova/GSE237235_All_samples_rpkm.txt.gz,SC_3,,MATCH_BY_HEURISTIC,GSM7597595,SC_3,36h | WT,LOCAL_META,1,score=4
GSE237235,/data1/zyc/lu2026/SS_Bulk/GSE237235_Integrative genome-wide analysis reveals the RNA-binding motifs of yeast Pcf11 and its role in fine-tuning terminator strength_Illumina Nova/GSE237235_All_samples_rpkm.txt.gz,L17_1,,MATCH_BY_HEURISTIC,GSM7597586,L17_1,36h | deltaPcf11 deleting,LOCAL_META,1,score=4
GSE237235,/data1/zyc/lu2026/SS_Bulk/GSE237235_Integrative genome-wide analysis reveals the RNA-binding motifs of yeast Pcf11 and its role in fine-tuning terminator strength_Illumina Nova/GSE237235_All_samples_rpkm.txt.gz,L17_2,,MATCH_BY_HEURISTIC,GSM7597587,L17_2,36h | deltaPcf11 deleting,LOCAL_META,1,score=4
GSE237235,/data1/zyc/lu2026/SS_Bulk/GSE237235_Integrative genome-wide analysis reveals the RNA-binding motifs of yeast Pcf11 and its role in fine-tuning terminator strength_Illumina Nova/GSE237235_All_samples_rpkm.txt.gz,L17_3,,MATCH_BY_HEURISTIC,GSM7597588,L17_3,36h | deltaPcf11 deleting,LOCAL_META,1,score=4
GSE237235,/data1/zyc/lu2026/SS_Bulk/GSE237235_Integrative genome-wide analysis reveals the RNA-binding motifs of yeast Pcf11 and its role in fine-tuning terminator strength_Illumina Nova/GSE237235_All_samples_rpkm.txt.gz,AR13_1,,MATCH_BY_HEURISTIC,GSM7597583,AR13_1,36h | Pcf11-AARR mutating,LOCAL_META,1,score=4
GSE237235,/data1/zyc/lu2026/SS_Bulk/GSE237235_Integrative genome-wide analysis reveals the RNA-binding motifs of yeast Pcf11 and its role in fine-tuning terminator strength_Illumina Nova/GSE237235_All_samples_rpkm.txt.gz,AR13_2,,MATCH_BY_HEURISTIC,GSM7597584,AR13_2,36h | Pcf11-AARR mutating,LOCAL_META,1,score=4
GSE237235,/data1/zyc/lu2026/SS_Bulk/GSE237235_Integrative genome-wide analysis reveals the RNA-binding motifs of yeast Pcf11 and its role in fine-tuning terminator strength_Illumina Nova/GSE237235_All_samples_rpkm.txt.gz,AR13_3,,MATCH_BY_HEURISTIC,GSM7597585,AR13_3,36h | Pcf11-AARR mutating,LOCAL_META,1,score=4
GSE237235,/data1/zyc/lu2026/SS_Bulk/GSE237235_Integrative genome-wide analysis reveals the RNA-binding motifs of yeast Pcf11 and its role in fine-tuning terminator strength_Illumina Nova/GSE237235_Gsy_Gwl_All_reads_counts.txt.gz,Start,,IGNORED_META_FIELD,,,,,0,meta/stat field
GSE237235,/data1/zyc/lu2026/SS_Bulk/GSE237235_Integrative genome-wide analysis reveals the RNA-binding motifs of yeast Pcf11 and its role in fine-tuning terminator strength_Illumina Nova/GSE237235_Gsy_Gwl_All_reads_counts.txt.gz,End,,IGNORED_META_FIELD,,,,,0,meta/stat field
GSE237235,/data1/zyc/lu2026/SS_Bulk/GSE237235_Integrative genome-wide analysis reveals the RNA-binding motifs of yeast Pcf11 and its role in fine-tuning terminator strength_Illumina Nova/GSE237235_Gsy_Gwl_All_reads_counts.txt.gz,Length,,IGNORED_META_FIELD,,,,,0,meta/stat field
GSE237235,/data1/zyc/lu2026/SS_Bulk/GSE237235_Integrative genome-wide analysis reveals the RNA-binding motifs of yeast Pcf11 and its role in fine-tuning terminator strength_Illumina Nova/GSE237235_Gsy_Gwl_All_reads_counts.txt.gz,Gsy_1,,MATCH_BY_HEURISTIC,GSM7665856,Gsy_1,36h | Pcf11-OE1 overexpressing,LOCAL_META,1,score=4
GSE237235,/data1/zyc/lu2026/SS_Bulk/GSE237235_Integrative genome-wide analysis reveals the RNA-binding motifs of yeast Pcf11 and its role in fine-tuning terminator strength_Illumina Nova/GSE237235_Gsy_Gwl_All_reads_counts.txt.gz,Gsy_2,,MATCH_BY_HEURISTIC,GSM7665857,Gsy_2,36h | Pcf11-OE1 overexpressing,LOCAL_META,1,score=4
GSE237235,/data1/zyc/lu2026/SS_Bulk/GSE237235_Integrative genome-wide analysis reveals the RNA-binding motifs of yeast Pcf11 and its role in fine-tuning terminator strength_Illumina Nova/GSE237235_Gsy_Gwl_All_reads_counts.txt.gz,Gsy_3,,MATCH_BY_HEURISTIC,GSM7665858,Gsy_3,36h | Pcf11-OE1 overexpressing,LOCAL_META,1,score=4
GSE237235,/data1/zyc/lu2026/SS_Bulk/GSE237235_Integrative genome-wide analysis reveals the RNA-binding motifs of yeast Pcf11 and its role in fine-tuning terminator strength_Illumina Nova/GSE237235_Gsy_Gwl_All_reads_counts.txt.gz,Gwl_1,,MATCH_BY_HEURISTIC,GSM7665859,Gwl_1,36h | Pcf11-OE2 overexpressing,LOCAL_META,1,score=4
GSE237235,/data1/zyc/lu2026/SS_Bulk/GSE237235_Integrative genome-wide analysis reveals the RNA-binding motifs of yeast Pcf11 and its role in fine-tuning terminator strength_Illumina Nova/GSE237235_Gsy_Gwl_All_reads_counts.txt.gz,Gwl_2,,MATCH_BY_HEURISTIC,GSM7665860,Gwl_2,36h | Pcf11-OE2 overexpressing,LOCAL_META,1,score=4
GSE237235,/data1/zyc/lu2026/SS_Bulk/GSE237235_Integrative genome-wide analysis reveals the RNA-binding motifs of yeast Pcf11 and its role in fine-tuning terminator strength_Illumina Nova/GSE237235_Gsy_Gwl_All_reads_counts.txt.gz,Gwl_3,,MATCH_BY_HEURISTIC,GSM7665861,Gwl_3,36h | Pcf11-OE2 overexpressing,LOCAL_META,1,score=4
GSE237235,/data1/zyc/lu2026/SS_Bulk/GSE237235_Integrative genome-wide analysis reveals the RNA-binding motifs of yeast Pcf11 and its role in fine-tuning terminator strength_Illumina Nova/GSE237235_Gsy_Gwl_All_reads_counts.txt.gz,SC_1,,MATCH_BY_HEURISTIC,GSM7597593,SC_1,36h | WT,LOCAL_META,1,score=4
GSE237235,/data1/zyc/lu2026/SS_Bulk/GSE237235_Integrative genome-wide analysis reveals the RNA-binding motifs of yeast Pcf11 and its role in fine-tuning terminator strength_Illumina Nova/GSE237235_Gsy_Gwl_All_reads_counts.txt.gz,SC_2,,MATCH_BY_HEURISTIC,GSM7597594,SC_2,36h | WT,LOCAL_META,1,score=4
GSE237235,/data1/zyc/lu2026/SS_Bulk/GSE237235_Integrative genome-wide analysis reveals the RNA-binding motifs of yeast Pcf11 and its role in fine-tuning terminator strength_Illumina Nova/GSE237235_Gsy_Gwl_All_reads_counts.txt.gz,SC_3,,MATCH_BY_HEURISTIC,GSM7597595,SC_3,36h | WT,LOCAL_META,1,score=4
GSE237235,/data1/zyc/lu2026/SS_Bulk/GSE237235_Integrative genome-wide analysis reveals the RNA-binding motifs of yeast Pcf11 and its role in fine-tuning terminator strength_Illumina Nova/GSE237235_Pcf11_IP_1_nonoverlap_antisense_normalized_peak.txt.gz,Start,,IGNORED_META_FIELD,,,,,0,meta/stat field
GSE237235,/data1/zyc/lu2026/SS_Bulk/GSE237235_Integrative genome-wide analysis reveals the RNA-binding motifs of yeast Pcf11 and its role in fine-tuning terminator strength_Illumina Nova/GSE237235_Pcf11_IP_1_nonoverlap_antisense_normalized_peak.txt.gz,End,,IGNORED_META_FIELD,,,,,0,meta/stat field
GSE237235,/data1/zyc/lu2026/SS_Bulk/GSE237235_Integrative genome-wide analysis reveals the RNA-binding motifs of yeast Pcf11 and its role in fine-tuning terminator strength_Illumina Nova/GSE237235_Pcf11_IP_1_nonoverlap_antisense_normalized_peak.txt.gz,Tags,,IGNORED_META_FIELD,,,,,0,meta/stat field
GSE237235,/data1/zyc/lu2026/SS_Bulk/GSE237235_Integrative genome-wide analysis reveals the RNA-binding motifs of yeast Pcf11 and its role in fine-tuning terminator strength_Illumina Nova/GSE237235_Pcf11_IP_1_nonoverlap_antisense_normalized_peak.txt.gz,Length,,IGNORED_META_FIELD,,,,,0,meta/stat field
GSE237235,/data1/zyc/lu2026/SS_Bulk/GSE237235_Integrative genome-wide analysis reveals the RNA-binding motifs of yeast Pcf11 and its role in fine-tuning terminator strength_Illumina Nova/GSE237235_Pcf11_IP_1_nonoverlap_antisense_normalized_peak.txt.gz,maxHeight,,IGNORED_META_FIELD,,,,,0,meta/stat field
GSE237235,/data1/zyc/lu2026/SS_Bulk/GSE237235_Integrative genome-wide analysis reveals the RNA-binding motifs of yeast Pcf11 and its role in fine-tuning terminator strength_Illumina Nova/GSE237235_Pcf11_IP_1_nonoverlap_antisense_normalized_peak.txt.gz,Summit,,IGNORED_META_FIELD,,,,,0,meta/stat field
GSE237235,/data1/zyc/lu2026/SS_Bulk/GSE237235_Integrative genome-wide analysis reveals the RNA-binding motifs of yeast Pcf11 and its role in fine-tuning terminator strength_Illumina Nova/GSE237235_Pcf11_IP_2_nonoverlap_antisense_normalized_peak.txt.gz,Start,,IGNORED_META_FIELD,,,,,0,meta/stat field
GSE237235,/data1/zyc/lu2026/SS_Bulk/GSE237235_Integrative genome-wide analysis reveals the RNA-binding motifs of yeast Pcf11 and its role in fine-tuning terminator strength_Illumina Nova/GSE237235_Pcf11_IP_2_nonoverlap_antisense_normalized_peak.txt.gz,End,,IGNORED_META_FIELD,,,,,0,meta/stat field
GSE237235,/data1/zyc/lu2026/SS_Bulk/GSE237235_Integrative genome-wide analysis reveals the RNA-binding motifs of yeast Pcf11 and its role in fine-tuning terminator strength_Illumina Nova/GSE237235_Pcf11_IP_2_nonoverlap_antisense_normalized_peak.txt.gz,Tags,,IGNORED_META_FIELD,,,,,0,meta/stat field
GSE237235,/data1/zyc/lu2026/SS_Bulk/GSE237235_Integrative genome-wide analysis reveals the RNA-binding motifs of yeast Pcf11 and its role in fine-tuning terminator strength_Illumina Nova/GSE237235_Pcf11_IP_2_nonoverlap_antisense_normalized_peak.txt.gz,Length,,IGNORED_META_FIELD,,,,,0,meta/stat field
GSE237235,/data1/zyc/lu2026/SS_Bulk/GSE237235_Integrative genome-wide analysis reveals the RNA-binding motifs of yeast Pcf11 and its role in fine-tuning terminator strength_Illumina Nova/GSE237235_Pcf11_IP_2_nonoverlap_antisense_normalized_peak.txt.gz,maxHeight,,IGNORED_META_FIELD,,,,,0,meta/stat field
GSE237235,/data1/zyc/lu2026/SS_Bulk/GSE237235_Integrative genome-wide analysis reveals the RNA-binding motifs of yeast Pcf11 and its role in fine-tuning terminator strength_Illumina Nova/GSE237235_Pcf11_IP_2_nonoverlap_antisense_normalized_peak.txt.gz,Summit,,IGNORED_META_FIELD,,,,,0,meta/stat field
GSE237235,/data1/zyc/lu2026/SS_Bulk/GSE237235_Integrative genome-wide analysis reveals the RNA-binding motifs of yeast Pcf11 and its role in fine-tuning terminator strength_Illumina Nova/GSE237235_Pcf11_input_1_RPKM_Cumulative.txt.gz,percent,,IGNORED_META_FIELD,,,,,0,meta/stat field
GSE237235,/data1/zyc/lu2026/SS_Bulk/GSE237235_Integrative genome-wide analysis reveals the RNA-binding motifs of yeast Pcf11 and its role in fine-tuning terminator strength_Illumina Nova/GSE237235_Pcf11_input_1_RPKM_Cumulative.txt.gz,accumulative_value,,IGNORED_META_FIELD,,,,,0,meta/stat field
GSE237235,/data1/zyc/lu2026/SS_Bulk/GSE237235_Integrative genome-wide analysis reveals the RNA-binding motifs of yeast Pcf11 and its role in fine-tuning terminator strength_Illumina Nova/GSE237235_Pcf11_input_1_expression_profile.txt.gz,Start,,IGNORED_META_FIELD,,,,,0,meta/stat field
GSE237235,/data1/zyc/lu2026/SS_Bulk/GSE237235_Integrative genome-wide analysis reveals the RNA-binding motifs of yeast Pcf11 and its role in fine-tuning terminator strength_Illumina Nova/GSE237235_Pcf11_input_1_expression_profile.txt.gz,End,,IGNORED_META_FIELD,,,,,0,meta/stat field
GSE237235,/data1/zyc/lu2026/SS_Bulk/GSE237235_Integrative genome-wide analysis reveals the RNA-binding motifs of yeast Pcf11 and its role in fine-tuning terminator strength_Illumina Nova/GSE237235_Pcf11_input_1_expression_profile.txt.gz,Length,,IGNORED_META_FIELD,,,,,0,meta/stat field
GSE237235,/data1/zyc/lu2026/SS_Bulk/GSE237235_Integrative genome-wide analysis reveals the RNA-binding motifs of yeast Pcf11 and its role in fine-tuning terminator strength_Illumina Nova/GSE237235_Pcf11_input_1_expression_profile.txt.gz,ExonLen,,IGNORED_META_FIELD,,,,,0,meta/stat field
GSE237235,/data1/zyc/lu2026/SS_Bulk/GSE237235_Integrative genome-wide analysis reveals the RNA-binding motifs of yeast Pcf11 and its role in fine-tuning terminator strength_Illumina Nova/GSE237235_Pcf11_input_1_expression_profile.txt.gz,IntroLen,,IGNORED_META_FIELD,,,,,0,meta/stat field
GSE237235,/data1/zyc/lu2026/SS_Bulk/GSE237235_Integrative genome-wide analysis reveals the RNA-binding motifs of yeast Pcf11 and its role in fine-tuning terminator strength_Illumina Nova/GSE237235_Pcf11_input_1_expression_profile.txt.gz,Depth,,IGNORED_META_FIELD,,,,,0,meta/stat field
GSE237235,/data1/zyc/lu2026/SS_Bulk/GSE237235_Integrative genome-wide analysis reveals the RNA-binding motifs of yeast Pcf11 and its role in fine-tuning terminator strength_Illumina Nova/GSE237235_Pcf11_input_1_expression_profile.txt.gz,Coverage,,IGNORED_META_FIELD,,,,,0,meta/stat field
GSE237235,/data1/zyc/lu2026/SS_Bulk/GSE237235_Integrative genome-wide analysis reveals the RNA-binding motifs of yeast Pcf11 and its role in fine-tuning terminator strength_Illumina Nova/GSE237235_Pcf11_input_1_expression_profile.txt.gz,FPKM,,IGNORED_META_FIELD,,,,,0,meta/stat field
GSE237235,/data1/zyc/lu2026/SS_Bulk/GSE237235_Integrative genome-wide analysis reveals the RNA-binding motifs of yeast Pcf11 and its role in fine-tuning terminator strength_Illumina Nova/GSE237235_Pcf11_input_1_expression_profile.txt.gz,TotalReads,,IGNORED_META_FIELD,,,,,0,meta/stat field
GSE237235,/data1/zyc/lu2026/SS_Bulk/GSE237235_Integrative genome-wide analysis reveals the RNA-binding motifs of yeast Pcf11 and its role in fine-tuning terminator strength_Illumina Nova/GSE237235_Pcf11_input_1_expression_profile.txt.gz,SenseReads,,IGNORED_META_FIELD,,,,,0,meta/stat field
GSE237235,/data1/zyc/lu2026/SS_Bulk/GSE237235_Integrative genome-wide analysis reveals the RNA-binding motifs of yeast Pcf11 and its role in fine-tuning terminator strength_Illumina Nova/GSE237235_Pcf11_input_1_expression_profile.txt.gz,AntisenseReads,,IGNORED_META_FIELD,,,,,0,meta/stat field
GSE237235,/data1/zyc/lu2026/SS_Bulk/GSE237235_Integrative genome-wide analysis reveals the RNA-binding motifs of yeast Pcf11 and its role in fine-tuning terminator strength_Illumina Nova/GSE237235_Pcf11_input_1_expression_profile.txt.gz,IntronReads,,IGNORED_META_FIELD,,,,,0,meta/stat field
GSE237235,/data1/zyc/lu2026/SS_Bulk/GSE237235_Integrative genome-wide analysis reveals the RNA-binding motifs of yeast Pcf11 and its role in fine-tuning terminator strength_Illumina Nova/GSE237235_Pcf11_input_1_expression_profile.txt.gz,AllreadsFPKM,,IGNORED_META_FIELD,,,,,0,meta/stat field
GSE237235,/data1/zyc/lu2026/SS_Bulk/GSE237235_Integrative genome-wide analysis reveals the RNA-binding motifs of yeast Pcf11 and its role in fine-tuning terminator strength_Illumina Nova/GSE237235_Pcf11_input_2_RPKM_Cumulative.txt.gz,percent,,IGNORED_META_FIELD,,,,,0,meta/stat field
GSE237235,/data1/zyc/lu2026/SS_Bulk/GSE237235_Integrative genome-wide analysis reveals the RNA-binding motifs of yeast Pcf11 and its role in fine-tuning terminator strength_Illumina Nova/GSE237235_Pcf11_input_2_RPKM_Cumulative.txt.gz,accumulative_value,,IGNORED_META_FIELD,,,,,0,meta/stat field
GSE237235,/data1/zyc/lu2026/SS_Bulk/GSE237235_Integrative genome-wide analysis reveals the RNA-binding motifs of yeast Pcf11 and its role in fine-tuning terminator strength_Illumina Nova/GSE237235_Pcf11_input_2_expression_profile.txt.gz,Start,,IGNORED_META_FIELD,,,,,0,meta/stat field
GSE237235,/data1/zyc/lu2026/SS_Bulk/GSE237235_Integrative genome-wide analysis reveals the RNA-binding motifs of yeast Pcf11 and its role in fine-tuning terminator strength_Illumina Nova/GSE237235_Pcf11_input_2_expression_profile.txt.gz,End,,IGNORED_META_FIELD,,,,,0,meta/stat field
GSE237235,/data1/zyc/lu2026/SS_Bulk/GSE237235_Integrative genome-wide analysis reveals the RNA-binding motifs of yeast Pcf11 and its role in fine-tuning terminator strength_Illumina Nova/GSE237235_Pcf11_input_2_expression_profile.txt.gz,Length,,IGNORED_META_FIELD,,,,,0,meta/stat field
GSE237235,/data1/zyc/lu2026/SS_Bulk/GSE237235_Integrative genome-wide analysis reveals the RNA-binding motifs of yeast Pcf11 and its role in fine-tuning terminator strength_Illumina Nova/GSE237235_Pcf11_input_2_expression_profile.txt.gz,ExonLen,,IGNORED_META_FIELD,,,,,0,meta/stat field
GSE237235,/data1/zyc/lu2026/SS_Bulk/GSE237235_Integrative genome-wide analysis reveals the RNA-binding motifs of yeast Pcf11 and its role in fine-tuning terminator strength_Illumina Nova/GSE237235_Pcf11_input_2_expression_profile.txt.gz,IntroLen,,IGNORED_META_FIELD,,,,,0,meta/stat field
GSE237235,/data1/zyc/lu2026/SS_Bulk/GSE237235_Integrative genome-wide analysis reveals the RNA-binding motifs of yeast Pcf11 and its role in fine-tuning terminator strength_Illumina Nova/GSE237235_Pcf11_input_2_expression_profile.txt.gz,Depth,,IGNORED_META_FIELD,,,,,0,meta/stat field
GSE237235,/data1/zyc/lu2026/SS_Bulk/GSE237235_Integrative genome-wide analysis reveals the RNA-binding motifs of yeast Pcf11 and its role in fine-tuning terminator strength_Illumina Nova/GSE237235_Pcf11_input_2_expression_profile.txt.gz,Coverage,,IGNORED_META_FIELD,,,,,0,meta/stat field
GSE237235,/data1/zyc/lu2026/SS_Bulk/GSE237235_Integrative genome-wide analysis reveals the RNA-binding motifs of yeast Pcf11 and its role in fine-tuning terminator strength_Illumina Nova/GSE237235_Pcf11_input_2_expression_profile.txt.gz,FPKM,,IGNORED_META_FIELD,,,,,0,meta/stat field
GSE237235,/data1/zyc/lu2026/SS_Bulk/GSE237235_Integrative genome-wide analysis reveals the RNA-binding motifs of yeast Pcf11 and its role in fine-tuning terminator strength_Illumina Nova/GSE237235_Pcf11_input_2_expression_profile.txt.gz,TotalReads,,IGNORED_META_FIELD,,,,,0,meta/stat field
GSE237235,/data1/zyc/lu2026/SS_Bulk/GSE237235_Integrative genome-wide analysis reveals the RNA-binding motifs of yeast Pcf11 and its role in fine-tuning terminator strength_Illumina Nova/GSE237235_Pcf11_input_2_expression_profile.txt.gz,SenseReads,,IGNORED_META_FIELD,,,,,0,meta/stat field
GSE237235,/data1/zyc/lu2026/SS_Bulk/GSE237235_Integrative genome-wide analysis reveals the RNA-binding motifs of yeast Pcf11 and its role in fine-tuning terminator strength_Illumina Nova/GSE237235_Pcf11_input_2_expression_profile.txt.gz,AntisenseReads,,IGNORED_META_FIELD,,,,,0,meta/stat field
GSE237235,/data1/zyc/lu2026/SS_Bulk/GSE237235_Integrative genome-wide analysis reveals the RNA-binding motifs of yeast Pcf11 and its role in fine-tuning terminator strength_Illumina Nova/GSE237235_Pcf11_input_2_expression_profile.txt.gz,IntronReads,,IGNORED_META_FIELD,,,,,0,meta/stat field
GSE237235,/data1/zyc/lu2026/SS_Bulk/GSE237235_Integrative genome-wide analysis reveals the RNA-binding motifs of yeast Pcf11 and its role in fine-tuning terminator strength_Illumina Nova/GSE237235_Pcf11_input_2_expression_profile.txt.gz,AllreadsFPKM,,IGNORED_META_FIELD,,,,,0,meta/stat field
GSE237235,/data1/zyc/lu2026/SS_Bulk/GSE237235_Integrative genome-wide analysis reveals the RNA-binding motifs of yeast Pcf11 and its role in fine-tuning terminator strength_Illumina Nova/GSE237235_RPKM_of_ALL_Genes_with_Pvalue.txt.gz,Start,,IGNORED_META_FIELD,,,,,0,meta/stat field
GSE237235,/data1/zyc/lu2026/SS_Bulk/GSE237235_Integrative genome-wide analysis reveals the RNA-binding motifs of yeast Pcf11 and its role in fine-tuning terminator strength_Illumina Nova/GSE237235_RPKM_of_ALL_Genes_with_Pvalue.txt.gz,End,,IGNORED_META_FIELD,,,,,0,meta/stat field
GSE237235,/data1/zyc/lu2026/SS_Bulk/GSE237235_Integrative genome-wide analysis reveals the RNA-binding motifs of yeast Pcf11 and its role in fine-tuning terminator strength_Illumina Nova/GSE237235_RPKM_of_ALL_Genes_with_Pvalue.txt.gz,Length,,IGNORED_META_FIELD,,,,,0,meta/stat field
GSE237235,/data1/zyc/lu2026/SS_Bulk/GSE237235_Integrative genome-wide analysis reveals the RNA-binding motifs of yeast Pcf11 and its role in fine-tuning terminator strength_Illumina Nova/GSE237235_RPKM_of_ALL_Genes_with_Pvalue.txt.gz,SC_1,,MATCH_BY_HEURISTIC,GSM7597593,SC_1,36h | WT,LOCAL_META,1,score=4
GSE237235,/data1/zyc/lu2026/SS_Bulk/GSE237235_Integrative genome-wide analysis reveals the RNA-binding motifs of yeast Pcf11 and its role in fine-tuning terminator strength_Illumina Nova/GSE237235_RPKM_of_ALL_Genes_with_Pvalue.txt.gz,SC_2,,MATCH_BY_HEURISTIC,GSM7597594,SC_2,36h | WT,LOCAL_META,1,score=4
GSE237235,/data1/zyc/lu2026/SS_Bulk/GSE237235_Integrative genome-wide analysis reveals the RNA-binding motifs of yeast Pcf11 and its role in fine-tuning terminator strength_Illumina Nova/GSE237235_RPKM_of_ALL_Genes_with_Pvalue.txt.gz,SC_3,,MATCH_BY_HEURISTIC,GSM7597595,SC_3,36h | WT,LOCAL_META,1,score=4
GSE237235,/data1/zyc/lu2026/SS_Bulk/GSE237235_Integrative genome-wide analysis reveals the RNA-binding motifs of yeast Pcf11 and its role in fine-tuning terminator strength_Illumina Nova/GSE237235_RPKM_of_ALL_Genes_with_Pvalue.txt.gz,L17_1,,MATCH_BY_HEURISTIC,GSM7597586,L17_1,36h | deltaPcf11 deleting,LOCAL_META,1,score=4
GSE237235,/data1/zyc/lu2026/SS_Bulk/GSE237235_Integrative genome-wide analysis reveals the RNA-binding motifs of yeast Pcf11 and its role in fine-tuning terminator strength_Illumina Nova/GSE237235_RPKM_of_ALL_Genes_with_Pvalue.txt.gz,L17_2,,MATCH_BY_HEURISTIC,GSM7597587,L17_2,36h | deltaPcf11 deleting,LOCAL_META,1,score=4
GSE237235,/data1/zyc/lu2026/SS_Bulk/GSE237235_Integrative genome-wide analysis reveals the RNA-binding motifs of yeast Pcf11 and its role in fine-tuning terminator strength_Illumina Nova/GSE237235_RPKM_of_ALL_Genes_with_Pvalue.txt.gz,L17_3,,MATCH_BY_HEURISTIC,GSM7597588,L17_3,36h | deltaPcf11 deleting,LOCAL_META,1,score=4
GSE237235,/data1/zyc/lu2026/SS_Bulk/GSE237235_Integrative genome-wide analysis reveals the RNA-binding motifs of yeast Pcf11 and its role in fine-tuning terminator strength_Illumina Nova/GSE237235_RPKM_of_ALL_Genes_with_Pvalue.txt.gz,AR13_1,,MATCH_BY_HEURISTIC,GSM7597583,AR13_1,36h | Pcf11-AARR mutating,LOCAL_META,1,score=4
GSE237235,/data1/zyc/lu2026/SS_Bulk/GSE237235_Integrative genome-wide analysis reveals the RNA-binding motifs of yeast Pcf11 and its role in fine-tuning terminator strength_Illumina Nova/GSE237235_RPKM_of_ALL_Genes_with_Pvalue.txt.gz,AR13_2,,MATCH_BY_HEURISTIC,GSM7597584,AR13_2,36h | Pcf11-AARR mutating,LOCAL_META,1,score=4
GSE237235,/data1/zyc/lu2026/SS_Bulk/GSE237235_Integrative genome-wide analysis reveals the RNA-binding motifs of yeast Pcf11 and its role in fine-tuning terminator strength_Illumina Nova/GSE237235_RPKM_of_ALL_Genes_with_Pvalue.txt.gz,AR13_3,,MATCH_BY_HEURISTIC,GSM7597585,AR13_3,36h | Pcf11-AARR mutating,LOCAL_META,1,score=4
GSE237235,/data1/zyc/lu2026/SS_Bulk/GSE237235_Integrative genome-wide analysis reveals the RNA-binding motifs of yeast Pcf11 and its role in fine-tuning terminator strength_Illumina Nova/GSE237235_RPKM_of_ALL_Genes_with_Pvalue.txt.gz,A___B_PValue,,IGNORED_META_FIELD,,,,,0,meta/stat field
GSE237235,/data1/zyc/lu2026/SS_Bulk/GSE237235_Integrative genome-wide analysis reveals the RNA-binding motifs of yeast Pcf11 and its role in fine-tuning terminator strength_Illumina Nova/GSE237235_RPKM_of_ALL_Genes_with_Pvalue.txt.gz,A___B_FDR,,IGNORED_META_FIELD,,,,,0,meta/stat field
GSE237235,/data1/zyc/lu2026/SS_Bulk/GSE237235_Integrative genome-wide analysis reveals the RNA-binding motifs of yeast Pcf11 and its role in fine-tuning terminator strength_Illumina Nova/GSE237235_RPKM_of_ALL_Genes_with_Pvalue.txt.gz,A___B_logFC,,IGNORED_META_FIELD,,,,,0,meta/stat field
GSE237235,/data1/zyc/lu2026/SS_Bulk/GSE237235_Integrative genome-wide analysis reveals the RNA-binding motifs of yeast Pcf11 and its role in fine-tuning terminator strength_Illumina Nova/GSE237235_RPKM_of_ALL_Genes_with_Pvalue.txt.gz,A___C_PValue,,IGNORED_META_FIELD,,,,,0,meta/stat field
GSE237235,/data1/zyc/lu2026/SS_Bulk/GSE237235_Integrative genome-wide analysis reveals the RNA-binding motifs of yeast Pcf11 and its role in fine-tuning terminator strength_Illumina Nova/GSE237235_RPKM_of_ALL_Genes_with_Pvalue.txt.gz,A___C_FDR,,IGNORED_META_FIELD,,,,,0,meta/stat field
GSE237235,/data1/zyc/lu2026/SS_Bulk/GSE237235_Integrative genome-wide analysis reveals the RNA-binding motifs of yeast Pcf11 and its role in fine-tuning terminator strength_Illumina Nova/GSE237235_RPKM_of_ALL_Genes_with_Pvalue.txt.gz,A___C_logFC,,IGNORED_META_FIELD,,,,,0,meta/stat field
GSE237235,/data1/zyc/lu2026/SS_Bulk/GSE237235_Integrative genome-wide analysis reveals the RNA-binding motifs of yeast Pcf11 and its role in fine-tuning terminator strength_Illumina Nova/GSE237235_RPKM_of_ALL_Genes_with_Pvalue.txt.gz,B___C_PValue,,IGNORED_META_FIELD,,,,,0,meta/stat field
GSE237235,/data1/zyc/lu2026/SS_Bulk/GSE237235_Integrative genome-wide analysis reveals the RNA-binding motifs of yeast Pcf11 and its role in fine-tuning terminator strength_Illumina Nova/GSE237235_RPKM_of_ALL_Genes_with_Pvalue.txt.gz,B___C_FDR,,IGNORED_META_FIELD,,,,,0,meta/stat field
GSE237235,/data1/zyc/lu2026/SS_Bulk/GSE237235_Integrative genome-wide analysis reveals the RNA-binding motifs of yeast Pcf11 and its role in fine-tuning terminator strength_Illumina Nova/GSE237235_RPKM_of_ALL_Genes_with_Pvalue.txt.gz,B___C_logFC,,IGNORED_META_FIELD,,,,,0,meta/stat field
GSE237235,/data1/zyc/lu2026/SS_Bulk/GSE237235_Integrative genome-wide analysis reveals the RNA-binding motifs of yeast Pcf11 and its role in fine-tuning terminator strength_Illumina Nova/GSE237235_RPKM_of_all_diff_genes.txt.gz,Start,,IGNORED_META_FIELD,,,,,0,meta/stat field
GSE237235,/data1/zyc/lu2026/SS_Bulk/GSE237235_Integrative genome-wide analysis reveals the RNA-binding motifs of yeast Pcf11 and its role in fine-tuning terminator strength_Illumina Nova/GSE237235_RPKM_of_all_diff_genes.txt.gz,End,,IGNORED_META_FIELD,,,,,0,meta/stat field
GSE237235,/data1/zyc/lu2026/SS_Bulk/GSE237235_Integrative genome-wide analysis reveals the RNA-binding motifs of yeast Pcf11 and its role in fine-tuning terminator strength_Illumina Nova/GSE237235_RPKM_of_all_diff_genes.txt.gz,Length,,IGNORED_META_FIELD,,,,,0,meta/stat field
GSE237235,/data1/zyc/lu2026/SS_Bulk/GSE237235_Integrative genome-wide analysis reveals the RNA-binding motifs of yeast Pcf11 and its role in fine-tuning terminator strength_Illumina Nova/GSE237235_RPKM_of_all_diff_genes.txt.gz,SC_1,,MATCH_BY_HEURISTIC,GSM7597593,SC_1,36h | WT,LOCAL_META,1,score=4
GSE237235,/data1/zyc/lu2026/SS_Bulk/GSE237235_Integrative genome-wide analysis reveals the RNA-binding motifs of yeast Pcf11 and its role in fine-tuning terminator strength_Illumina Nova/GSE237235_RPKM_of_all_diff_genes.txt.gz,SC_2,,MATCH_BY_HEURISTIC,GSM7597594,SC_2,36h | WT,LOCAL_META,1,score=4
GSE237235,/data1/zyc/lu2026/SS_Bulk/GSE237235_Integrative genome-wide analysis reveals the RNA-binding motifs of yeast Pcf11 and its role in fine-tuning terminator strength_Illumina Nova/GSE237235_RPKM_of_all_diff_genes.txt.gz,SC_3,,MATCH_BY_HEURISTIC,GSM7597595,SC_3,36h | WT,LOCAL_META,1,score=4
GSE237235,/data1/zyc/lu2026/SS_Bulk/GSE237235_Integrative genome-wide analysis reveals the RNA-binding motifs of yeast Pcf11 and its role in fine-tuning terminator strength_Illumina Nova/GSE237235_RPKM_of_all_diff_genes.txt.gz,L17_1,,MATCH_BY_HEURISTIC,GSM7597586,L17_1,36h | deltaPcf11 deleting,LOCAL_META,1,score=4
GSE237235,/data1/zyc/lu2026/SS_Bulk/GSE237235_Integrative genome-wide analysis reveals the RNA-binding motifs of yeast Pcf11 and its role in fine-tuning terminator strength_Illumina Nova/GSE237235_RPKM_of_all_diff_genes.txt.gz,L17_2,,MATCH_BY_HEURISTIC,GSM7597587,L17_2,36h | deltaPcf11 deleting,LOCAL_META,1,score=4
GSE237235,/data1/zyc/lu2026/SS_Bulk/GSE237235_Integrative genome-wide analysis reveals the RNA-binding motifs of yeast Pcf11 and its role in fine-tuning terminator strength_Illumina Nova/GSE237235_RPKM_of_all_diff_genes.txt.gz,L17_3,,MATCH_BY_HEURISTIC,GSM7597588,L17_3,36h | deltaPcf11 deleting,LOCAL_META,1,score=4
GSE237235,/data1/zyc/lu2026/SS_Bulk/GSE237235_Integrative genome-wide analysis reveals the RNA-binding motifs of yeast Pcf11 and its role in fine-tuning terminator strength_Illumina Nova/GSE237235_RPKM_of_all_diff_genes.txt.gz,AR13_1,,MATCH_BY_HEURISTIC,GSM7597583,AR13_1,36h | Pcf11-AARR mutating,LOCAL_META,1,score=4
GSE237235,/data1/zyc/lu2026/SS_Bulk/GSE237235_Integrative genome-wide analysis reveals the RNA-binding motifs of yeast Pcf11 and its role in fine-tuning terminator strength_Illumina Nova/GSE237235_RPKM_of_all_diff_genes.txt.gz,AR13_2,,MATCH_BY_HEURISTIC,GSM7597584,AR13_2,36h | Pcf11-AARR mutating,LOCAL_META,1,score=4
GSE237235,/data1/zyc/lu2026/SS_Bulk/GSE237235_Integrative genome-wide analysis reveals the RNA-binding motifs of yeast Pcf11 and its role in fine-tuning terminator strength_Illumina Nova/GSE237235_RPKM_of_all_diff_genes.txt.gz,AR13_3,,MATCH_BY_HEURISTIC,GSM7597585,AR13_3,36h | Pcf11-AARR mutating,LOCAL_META,1,score=4
GSE237235,/data1/zyc/lu2026/SS_Bulk/GSE237235_Integrative genome-wide analysis reveals the RNA-binding motifs of yeast Pcf11 and its role in fine-tuning terminator strength_Illumina Nova/GSE237235_RPKM_of_all_diff_genes.txt.gz,A___B_PValue,,IGNORED_META_FIELD,,,,,0,meta/stat field
GSE237235,/data1/zyc/lu2026/SS_Bulk/GSE237235_Integrative genome-wide analysis reveals the RNA-binding motifs of yeast Pcf11 and its role in fine-tuning terminator strength_Illumina Nova/GSE237235_RPKM_of_all_diff_genes.txt.gz,A___B_FDR,,IGNORED_META_FIELD,,,,,0,meta/stat field
GSE237235,/data1/zyc/lu2026/SS_Bulk/GSE237235_Integrative genome-wide analysis reveals the RNA-binding motifs of yeast Pcf11 and its role in fine-tuning terminator strength_Illumina Nova/GSE237235_RPKM_of_all_diff_genes.txt.gz,A___B_logFC,,IGNORED_META_FIELD,,,,,0,meta/stat field
GSE237235,/data1/zyc/lu2026/SS_Bulk/GSE237235_Integrative genome-wide analysis reveals the RNA-binding motifs of yeast Pcf11 and its role in fine-tuning terminator strength_Illumina Nova/GSE237235_RPKM_of_all_diff_genes.txt.gz,A___C_PValue,,IGNORED_META_FIELD,,,,,0,meta/stat field
GSE237235,/data1/zyc/lu2026/SS_Bulk/GSE237235_Integrative genome-wide analysis reveals the RNA-binding motifs of yeast Pcf11 and its role in fine-tuning terminator strength_Illumina Nova/GSE237235_RPKM_of_all_diff_genes.txt.gz,A___C_FDR,,IGNORED_META_FIELD,,,,,0,meta/stat field
GSE237235,/data1/zyc/lu2026/SS_Bulk/GSE237235_Integrative genome-wide analysis reveals the RNA-binding motifs of yeast Pcf11 and its role in fine-tuning terminator strength_Illumina Nova/GSE237235_RPKM_of_all_diff_genes.txt.gz,A___C_logFC,,IGNORED_META_FIELD,,,,,0,meta/stat field
GSE237235,/data1/zyc/lu2026/SS_Bulk/GSE237235_Integrative genome-wide analysis reveals the RNA-binding motifs of yeast Pcf11 and its role in fine-tuning terminator strength_Illumina Nova/GSE237235_RPKM_of_all_diff_genes_with_anno.txt.gz,Start,,IGNORED_META_FIELD,,,,,0,meta/stat field
GSE237235,/data1/zyc/lu2026/SS_Bulk/GSE237235_Integrative genome-wide analysis reveals the RNA-binding motifs of yeast Pcf11 and its role in fine-tuning terminator strength_Illumina Nova/GSE237235_RPKM_of_all_diff_genes_with_anno.txt.gz,End,,IGNORED_META_FIELD,,,,,0,meta/stat field
GSE237235,/data1/zyc/lu2026/SS_Bulk/GSE237235_Integrative genome-wide analysis reveals the RNA-binding motifs of yeast Pcf11 and its role in fine-tuning terminator strength_Illumina Nova/GSE237235_RPKM_of_all_diff_genes_with_anno.txt.gz,Length,,IGNORED_META_FIELD,,,,,0,meta/stat field
GSE237235,/data1/zyc/lu2026/SS_Bulk/GSE237235_Integrative genome-wide analysis reveals the RNA-binding motifs of yeast Pcf11 and its role in fine-tuning terminator strength_Illumina Nova/GSE237235_RPKM_of_all_diff_genes_with_anno.txt.gz,SC_1,,MATCH_BY_HEURISTIC,GSM7597593,SC_1,36h | WT,LOCAL_META,1,score=4
GSE237235,/data1/zyc/lu2026/SS_Bulk/GSE237235_Integrative genome-wide analysis reveals the RNA-binding motifs of yeast Pcf11 and its role in fine-tuning terminator strength_Illumina Nova/GSE237235_RPKM_of_all_diff_genes_with_anno.txt.gz,SC_2,,MATCH_BY_HEURISTIC,GSM7597594,SC_2,36h | WT,LOCAL_META,1,score=4
GSE237235,/data1/zyc/lu2026/SS_Bulk/GSE237235_Integrative genome-wide analysis reveals the RNA-binding motifs of yeast Pcf11 and its role in fine-tuning terminator strength_Illumina Nova/GSE237235_RPKM_of_all_diff_genes_with_anno.txt.gz,SC_3,,MATCH_BY_HEURISTIC,GSM7597595,SC_3,36h | WT,LOCAL_META,1,score=4
GSE237235,/data1/zyc/lu2026/SS_Bulk/GSE237235_Integrative genome-wide analysis reveals the RNA-binding motifs of yeast Pcf11 and its role in fine-tuning terminator strength_Illumina Nova/GSE237235_RPKM_of_all_diff_genes_with_anno.txt.gz,L17_1,,MATCH_BY_HEURISTIC,GSM7597586,L17_1,36h | deltaPcf11 deleting,LOCAL_META,1,score=4
GSE237235,/data1/zyc/lu2026/SS_Bulk/GSE237235_Integrative genome-wide analysis reveals the RNA-binding motifs of yeast Pcf11 and its role in fine-tuning terminator strength_Illumina Nova/GSE237235_RPKM_of_all_diff_genes_with_anno.txt.gz,L17_2,,MATCH_BY_HEURISTIC,GSM7597587,L17_2,36h | deltaPcf11 deleting,LOCAL_META,1,score=4
GSE237235,/data1/zyc/lu2026/SS_Bulk/GSE237235_Integrative genome-wide analysis reveals the RNA-binding motifs of yeast Pcf11 and its role in fine-tuning terminator strength_Illumina Nova/GSE237235_RPKM_of_all_diff_genes_with_anno.txt.gz,L17_3,,MATCH_BY_HEURISTIC,GSM7597588,L17_3,36h | deltaPcf11 deleting,LOCAL_META,1,score=4
GSE237235,/data1/zyc/lu2026/SS_Bulk/GSE237235_Integrative genome-wide analysis reveals the RNA-binding motifs of yeast Pcf11 and its role in fine-tuning terminator strength_Illumina Nova/GSE237235_RPKM_of_all_diff_genes_with_anno.txt.gz,AR13_1,,MATCH_BY_HEURISTIC,GSM7597583,AR13_1,36h | Pcf11-AARR mutating,LOCAL_META,1,score=4
GSE237235,/data1/zyc/lu2026/SS_Bulk/GSE237235_Integrative genome-wide analysis reveals the RNA-binding motifs of yeast Pcf11 and its role in fine-tuning terminator strength_Illumina Nova/GSE237235_RPKM_of_all_diff_genes_with_anno.txt.gz,AR13_2,,MATCH_BY_HEURISTIC,GSM7597584,AR13_2,36h | Pcf11-AARR mutating,LOCAL_META,1,score=4
GSE237235,/data1/zyc/lu2026/SS_Bulk/GSE237235_Integrative genome-wide analysis reveals the RNA-binding motifs of yeast Pcf11 and its role in fine-tuning terminator strength_Illumina Nova/GSE237235_RPKM_of_all_diff_genes_with_anno.txt.gz,AR13_3,,MATCH_BY_HEURISTIC,GSM7597585,AR13_3,36h | Pcf11-AARR mutating,LOCAL_META,1,score=4
GSE237235,/data1/zyc/lu2026/SS_Bulk/GSE237235_Integrative genome-wide analysis reveals the RNA-binding motifs of yeast Pcf11 and its role in fine-tuning terminator strength_Illumina Nova/GSE237235_RPKM_of_all_diff_genes_with_anno.txt.gz,A___B_PValue,,IGNORED_META_FIELD,,,,,0,meta/stat field
GSE237235,/data1/zyc/lu2026/SS_Bulk/GSE237235_Integrative genome-wide analysis reveals the RNA-binding motifs of yeast Pcf11 and its role in fine-tuning terminator strength_Illumina Nova/GSE237235_RPKM_of_all_diff_genes_with_anno.txt.gz,A___B_FDR,,IGNORED_META_FIELD,,,,,0,meta/stat field
GSE237235,/data1/zyc/lu2026/SS_Bulk/GSE237235_Integrative genome-wide analysis reveals the RNA-binding motifs of yeast Pcf11 and its role in fine-tuning terminator strength_Illumina Nova/GSE237235_RPKM_of_all_diff_genes_with_anno.txt.gz,A___B_logFC,,IGNORED_META_FIELD,,,,,0,meta/stat field
GSE237235,/data1/zyc/lu2026/SS_Bulk/GSE237235_Integrative genome-wide analysis reveals the RNA-binding motifs of yeast Pcf11 and its role in fine-tuning terminator strength_Illumina Nova/GSE237235_RPKM_of_all_diff_genes_with_anno.txt.gz,A___C_PValue,,IGNORED_META_FIELD,,,,,0,meta/stat field
GSE237235,/data1/zyc/lu2026/SS_Bulk/GSE237235_Integrative genome-wide analysis reveals the RNA-binding motifs of yeast Pcf11 and its role in fine-tuning terminator strength_Illumina Nova/GSE237235_RPKM_of_all_diff_genes_with_anno.txt.gz,A___C_FDR,,IGNORED_META_FIELD,,,,,0,meta/stat field
GSE237235,/data1/zyc/lu2026/SS_Bulk/GSE237235_Integrative genome-wide analysis reveals the RNA-binding motifs of yeast Pcf11 and its role in fine-tuning terminator strength_Illumina Nova/GSE237235_RPKM_of_all_diff_genes_with_anno.txt.gz,A___C_logFC,,IGNORED_META_FIELD,,,,,0,meta/stat field
GSE67149,/data1/zyc/lu2026/SS_Bulk/应激/GSE67149_野生型和Drpd3酵母进入静止期的链特异性RNA测序[RNA-seq]_Unknown/GSE67149_Normalized_FPKM_Values.xlsx,WT_Log,,MATCH_BY_HEURISTIC,GSM1640257;GSM1640258;GSM1640259;GSM1640260,RNA-Seq of wild type log cells-1a;RNA-Seq of wild type log cells-1b;RNA-Seq of wild type log cells-2a;RNA-Seq of wild type log cells-2b,log,GEO_FETCH,4,score=8
GSE67149,/data1/zyc/lu2026/SS_Bulk/应激/GSE67149_野生型和Drpd3酵母进入静止期的链特异性RNA测序[RNA-seq]_Unknown/GSE67149_Normalized_FPKM_Values.xlsx,WT_DS,,MATCH_BY_HEURISTIC,GSM1640263;GSM1640264,RNA-Seq of wild type DS cells-1;RNA-Seq of wild type DS cells-2,ds,GEO_FETCH,2,score=10
GSE67149,/data1/zyc/lu2026/SS_Bulk/应激/GSE67149_野生型和Drpd3酵母进入静止期的链特异性RNA测序[RNA-seq]_Unknown/GSE67149_Normalized_FPKM_Values.xlsx,WT_Q,,MATCH_BY_HEURISTIC,GSM1640261;GSM1640262,RNA-Seq of wild type Q cells-1;RNA-Seq of wild type Q cells-2,q cells,GEO_FETCH,2,score=10
GSE67149,/data1/zyc/lu2026/SS_Bulk/应激/GSE67149_野生型和Drpd3酵母进入静止期的链特异性RNA测序[RNA-seq]_Unknown/GSE67149_Normalized_FPKM_Values.xlsx,Rpd3_Log,,MATCH_BY_HEURISTIC,GSM1640265;GSM1640266,RNA-Seq of rpd3 log cells-1;RNA-Seq of rpd3 log cells-2,log,GEO_FETCH,2,score=9
GSE67149,/data1/zyc/lu2026/SS_Bulk/应激/GSE67149_野生型和Drpd3酵母进入静止期的链特异性RNA测序[RNA-seq]_Unknown/GSE67149_Normalized_FPKM_Values.xlsx,Rpd3_DS,,MATCH_BY_HEURISTIC,GSM1640267;GSM1640268,RNA-Seq of rpd3 DS cells-1;RNA-Seq of rpd3 DS cells-2,ds,GEO_FETCH,2,score=11
GSE67149,/data1/zyc/lu2026/SS_Bulk/应激/GSE67149_野生型和Drpd3酵母进入静止期的链特异性RNA测序[RNA-seq]_Unknown/GSE67149_Normalized_FPKM_Values.xlsx,Rpd3_Q,,MATCH_BY_HEURISTIC,GSM1640269;GSM1640270,RNA-Seq of rpd3 Q cells-1;RNA-Seq of rpd3 Q cells-2,q cells,GEO_FETCH,2,score=11
GSE67149,/data1/zyc/lu2026/SS_Bulk/测序/GSE67149_野生型和Drpd3酵母进入静止期的链特异性RNA测序[RNA-seq]_Unknown/GSE67149_Normalized_FPKM_Values.xlsx,WT_Log,,MATCH_BY_HEURISTIC,GSM1640257;GSM1640258;GSM1640259;GSM1640260,RNA-Seq of wild type log cells-1a;RNA-Seq of wild type log cells-1b;RNA-Seq of wild type log cells-2a;RNA-Seq of wild type log cells-2b,log,GEO_FETCH,4,score=8
GSE67149,/data1/zyc/lu2026/SS_Bulk/测序/GSE67149_野生型和Drpd3酵母进入静止期的链特异性RNA测序[RNA-seq]_Unknown/GSE67149_Normalized_FPKM_Values.xlsx,WT_DS,,MATCH_BY_HEURISTIC,GSM1640263;GSM1640264,RNA-Seq of wild type DS cells-1;RNA-Seq of wild type DS cells-2,ds,GEO_FETCH,2,score=10
GSE67149,/data1/zyc/lu2026/SS_Bulk/测序/GSE67149_野生型和Drpd3酵母进入静止期的链特异性RNA测序[RNA-seq]_Unknown/GSE67149_Normalized_FPKM_Values.xlsx,WT_Q,,MATCH_BY_HEURISTIC,GSM1640261;GSM1640262,RNA-Seq of wild type Q cells-1;RNA-Seq of wild type Q cells-2,q cells,GEO_FETCH,2,score=10
GSE67149,/data1/zyc/lu2026/SS_Bulk/测序/GSE67149_野生型和Drpd3酵母进入静止期的链特异性RNA测序[RNA-seq]_Unknown/GSE67149_Normalized_FPKM_Values.xlsx,Rpd3_Log,,MATCH_BY_HEURISTIC,GSM1640265;GSM1640266,RNA-Seq of rpd3 log cells-1;RNA-Seq of rpd3 log cells-2,log,GEO_FETCH,2,score=9
GSE67149,/data1/zyc/lu2026/SS_Bulk/测序/GSE67149_野生型和Drpd3酵母进入静止期的链特异性RNA测序[RNA-seq]_Unknown/GSE67149_Normalized_FPKM_Values.xlsx,Rpd3_DS,,MATCH_BY_HEURISTIC,GSM1640267;GSM1640268,RNA-Seq of rpd3 DS cells-1;RNA-Seq of rpd3 DS cells-2,ds,GEO_FETCH,2,score=11
GSE67149,/data1/zyc/lu2026/SS_Bulk/测序/GSE67149_野生型和Drpd3酵母进入静止期的链特异性RNA测序[RNA-seq]_Unknown/GSE67149_Normalized_FPKM_Values.xlsx,Rpd3_Q,,MATCH_BY_HEURISTIC,GSM1640269;GSM1640270,RNA-Seq of rpd3 Q cells-1;RNA-Seq of rpd3 Q cells-2,q cells,GEO_FETCH,2,score=11
